{
	"info": {
		"_postman_id": "9c601a12-5475-43af-9439-918676490aee",
		"name": "SpringBootMongodb",
		"schema": "https://schema.getpostman.com/json/collection/v2.1.0/collection.json"
	},
	"item": [
		{
			"name": "saveemployee",
			"request": {
				"method": "POST",
				"header": [],
				"body": {
					"mode": "raw",
					"raw": "{\r\n    \"empid\":1,\r\n    \"empname\":\"Sachin\",\r\n    \"empdept\":\"comp\",\r\n    \"empsalary\":10000\r\n}",
					"options": {
						"raw": {
							"language": "json"
						}
					}
				},
				"url": {
					"raw": "http://localhost:8080/saveemployee",
					"protocol": "http",
					"host": [
						"localhost"
					],
					"port": "8080",
					"path": [
						"saveemployee"
					]
				}
			},
			"response": []
		},
		{
			"name": "saveemployeelist",
			"request": {
				"method": "POST",
				"header": [],
				"body": {
					"mode": "raw",
					"raw": "[\r\n    {\r\n        \"empid\":2,\r\n        \"empname\":\"Sachin\",\r\n        \"empdept\":\"comp\",\r\n        \"empsalary\":10000\r\n    },\r\n    {\r\n        \"empid\":3,\r\n        \"empname\":\"Akshay\",\r\n        \"empdept\":\"It\",\r\n        \"empsalary\":20000\r\n    },\r\n    {\r\n        \"empid\":4,\r\n        \"empname\":\"Arati\",\r\n        \"empdept\":\"Physics\",\r\n        \"empsalary\":30000\r\n    }\r\n]",
					"options": {
						"raw": {
							"language": "json"
						}
					}
				},
				"url": {
					"raw": "http://localhost:8080/saveemployeelist",
					"protocol": "http",
					"host": [
						"localhost"
					],
					"port": "8080",
					"path": [
						"saveemployeelist"
					]
				}
			},
			"response": []
		},
		{
			"name": "getemployeebyid",
			"request": {
				"method": "GET",
				"header": [],
				"url": {
					"raw": "http://localhost:8080/getemployeebyid/1",
					"protocol": "http",
					"host": [
						"localhost"
					],
					"port": "8080",
					"path": [
						"getemployeebyid",
						"1"
					]
				}
			},
			"response": []
		},
		{
			"name": "getallemployee",
			"request": {
				"method": "GET",
				"header": [],
				"url": {
					"raw": "http://localhost:8080/getallemployee",
					"protocol": "http",
					"host": [
						"localhost"
					],
					"port": "8080",
					"path": [
						"getallemployee"
					]
				}
			},
			"response": []
		},
		{
			"name": "updateemployee",
			"request": {
				"method": "PUT",
				"header": [],
				"body": {
					"mode": "raw",
					"raw": "{\r\n    \"empid\":3,\r\n    \"empname\":\"Somnath\",\r\n    \"empdept\":\"comp\",\r\n    \"empsalary\":10000\r\n}",
					"options": {
						"raw": {
							"language": "json"
						}
					}
				},
				"url": {
					"raw": "http://localhost:8080/updateemployee/3",
					"protocol": "http",
					"host": [
						"localhost"
					],
					"port": "8080",
					"path": [
						"updateemployee",
						"3"
					]
				}
			},
			"response": []
		},
		{
			"name": "deleteemployeebyid",
			"request": {
				"method": "DELETE",
				"header": [],
				"url": {
					"raw": "http://localhost:8080/deleteemployeebyid/1",
					"protocol": "http",
					"host": [
						"localhost"
					],
					"port": "8080",
					"path": [
						"deleteemployeebyid",
						"1"
					]
				}
			},
			"response": []
		},
		{
			"name": "deleteallemployee",
			"request": {
				"method": "DELETE",
				"header": [],
				"url": {
					"raw": "http://localhost:8080/deleteallemployee",
					"protocol": "http",
					"host": [
						"localhost"
					],
					"port": "8080",
					"path": [
						"deleteallemployee"
					]
				}
			},
			"response": []
		}
	]
}