{
	"info": {
		"_postman_id": "1ade5496-d387-442b-a52c-c4e7f12bc26c",
		"name": "SpringBootJDBCTemplateBuilder",
		"schema": "https://schema.getpostman.com/json/collection/v2.1.0/collection.json"
	},
	"item": [
		{
			"name": "saveData",
			"request": {
				"method": "POST",
				"header": [],
				"body": {
					"mode": "raw",
					"raw": "{\r\n    \"prodId\":1,\r\n    \"prodName\":\"Vim\",\r\n    \"prodPrice\":10000\r\n}",
					"options": {
						"raw": {
							"language": "json"
						}
					}
				},
				"url": {
					"raw": "http://localhost:8080/api/saveData",
					"protocol": "http",
					"host": [
						"localhost"
					],
					"port": "8080",
					"path": [
						"api",
						"saveData"
					]
				}
			},
			"response": []
		},
		{
			"name": "getdata",
			"request": {
				"method": "GET",
				"header": [],
				"url": {
					"raw": "http://localhost:8080/api/getdata",
					"protocol": "http",
					"host": [
						"localhost"
					],
					"port": "8080",
					"path": [
						"api",
						"getdata"
					]
				}
			},
			"response": []
		},
		{
			"name": "updatedata",
			"request": {
				"method": "PUT",
				"header": [],
				"body": {
					"mode": "raw",
					"raw": "{\r\n    \"prodId\":1,\r\n    \"prodName\":\"Rin\",\r\n    \"prodPrice\":10000\r\n}",
					"options": {
						"raw": {
							"language": "json"
						}
					}
				},
				"url": {
					"raw": "http://localhost:8080/api/updatedata/1",
					"protocol": "http",
					"host": [
						"localhost"
					],
					"port": "8080",
					"path": [
						"api",
						"updatedata",
						"1"
					]
				}
			},
			"response": []
		},
		{
			"name": "deletedata",
			"request": {
				"method": "DELETE",
				"header": [],
				"url": {
					"raw": "http://localhost:8080/api/deletedata/4",
					"protocol": "http",
					"host": [
						"localhost"
					],
					"port": "8080",
					"path": [
						"api",
						"deletedata",
						"4"
					]
				}
			},
			"response": []
		}
	]
}