{
	"info": {
		"_postman_id": "e4397f1c-eb1b-4647-92c9-fe9e9c9482f0",
		"name": "SpringBootJpaPlayer",
		"schema": "https://schema.getpostman.com/json/collection/v2.1.0/collection.json"
	},
	"item": [
		{
			"name": "savePlayerData",
			"request": {
				"method": "POST",
				"header": [],
				"body": {
					"mode": "raw",
					"raw": "{\r\n    \"playerId\":1,\r\n    \"playerName\":\"Dhoni\",\r\n    \"playerBudget\":10000,\r\n    \"playerDob\":\"1988-08-07\"\r\n}",
					"options": {
						"raw": {
							"language": "json"
						}
					}
				},
				"url": {
					"raw": "http://localhost:8889/api/saveTeamData/1/savePlayerData",
					"protocol": "http",
					"host": [
						"localhost"
					],
					"port": "8889",
					"path": [
						"api",
						"saveTeamData",
						"1",
						"savePlayerData"
					]
				}
			},
			"response": []
		},
		{
			"name": "getPlayerDataById",
			"request": {
				"method": "GET",
				"header": [],
				"url": {
					"raw": "http://localhost:8889/api/getPlayerDataById/1",
					"protocol": "http",
					"host": [
						"localhost"
					],
					"port": "8889",
					"path": [
						"api",
						"getPlayerDataById",
						"1"
					]
				}
			},
			"response": []
		},
		{
			"name": "getAllPlayerData",
			"request": {
				"method": "GET",
				"header": [],
				"url": {
					"raw": "http://localhost:8889/api/getAllPlayerData/?pageNumber=0&pageSize=2&sortBy=playerId&sortDir=asc",
					"protocol": "http",
					"host": [
						"localhost"
					],
					"port": "8889",
					"path": [
						"api",
						"getAllPlayerData",
						""
					],
					"query": [
						{
							"key": "pageNumber",
							"value": "0"
						},
						{
							"key": "pageSize",
							"value": "2"
						},
						{
							"key": "sortBy",
							"value": "playerId"
						},
						{
							"key": "sortDir",
							"value": "asc"
						}
					]
				}
			},
			"response": []
		},
		{
			"name": "getPlayerDataByName",
			"request": {
				"method": "GET",
				"header": [],
				"url": {
					"raw": "http://localhost:8889/api/getPlayerDataByName/Dhoni",
					"protocol": "http",
					"host": [
						"localhost"
					],
					"port": "8889",
					"path": [
						"api",
						"getPlayerDataByName",
						"Dhoni"
					]
				}
			},
			"response": []
		},
		{
			"name": "updatePlayerDataById",
			"request": {
				"method": "PUT",
				"header": [],
				"body": {
					"mode": "raw",
					"raw": "{\r\n    \"playerId\":2,\r\n    \"playerName\":\"Jadeja\",\r\n    \"playerBudget\":20000,\r\n    \"playerDob\":\"1980-08-07\"\r\n}",
					"options": {
						"raw": {
							"language": "json"
						}
					}
				},
				"url": {
					"raw": "http://localhost:8889/api/updatePlayerDataById/2",
					"protocol": "http",
					"host": [
						"localhost"
					],
					"port": "8889",
					"path": [
						"api",
						"updatePlayerDataById",
						"2"
					]
				}
			},
			"response": []
		},
		{
			"name": "deletePlayerDataById",
			"request": {
				"method": "DELETE",
				"header": [],
				"url": {
					"raw": "http://localhost:8889/api/deletePlayerDataById/6",
					"protocol": "http",
					"host": [
						"localhost"
					],
					"port": "8889",
					"path": [
						"api",
						"deletePlayerDataById",
						"6"
					]
				}
			},
			"response": []
		}
	]
}