{
	"info": {
		"_postman_id": "1b4c74e4-5785-406d-89c8-e328b34e63f0",
		"name": "SpringBootJPAUsingResponseEntity",
		"schema": "https://schema.getpostman.com/json/collection/v2.1.0/collection.json"
	},
	"item": [
		{
			"name": "savedata",
			"request": {
				"method": "POST",
				"header": [],
				"body": {
					"mode": "raw",
					"raw": "{\r\n    \"custId\":1,\r\n    \"custName\":\"Sachin Borde\",\r\n    \"custNo\":8605721587\r\n}",
					"options": {
						"raw": {
							"language": "json"
						}
					}
				},
				"url": {
					"raw": "http://localhost:8888/api/savedata",
					"protocol": "http",
					"host": [
						"localhost"
					],
					"port": "8888",
					"path": [
						"api",
						"savedata"
					]
				}
			},
			"response": []
		},
		{
			"name": "savealldata",
			"request": {
				"method": "POST",
				"header": [],
				"body": {
					"mode": "raw",
					"raw": "[\r\n    {\r\n        \"custId\":2,\r\n        \"custName\":\"Arati Borde\",\r\n        \"custNo\":8600816985\r\n    },\r\n    {\r\n        \"custId\":3,\r\n        \"custName\":\"Somnath Borde\",\r\n        \"custNo\":8600816985\r\n    },\r\n    {\r\n        \"custId\":4,\r\n        \"custName\":\"Sheetal Borde\",\r\n        \"custNo\":8600816985\r\n    }\r\n]",
					"options": {
						"raw": {
							"language": "json"
						}
					}
				},
				"url": {
					"raw": "http://localhost:8888/api/savealldata",
					"protocol": "http",
					"host": [
						"localhost"
					],
					"port": "8888",
					"path": [
						"api",
						"savealldata"
					]
				}
			},
			"response": []
		},
		{
			"name": "getdatabyid",
			"request": {
				"method": "GET",
				"header": [],
				"url": {
					"raw": "http://localhost:8888/api/getdatabyid/1",
					"protocol": "http",
					"host": [
						"localhost"
					],
					"port": "8888",
					"path": [
						"api",
						"getdatabyid",
						"1"
					]
				}
			},
			"response": []
		},
		{
			"name": "getalldata",
			"request": {
				"method": "GET",
				"header": [],
				"url": {
					"raw": "http://localhost:8888/api/getalldata",
					"protocol": "http",
					"host": [
						"localhost"
					],
					"port": "8888",
					"path": [
						"api",
						"getalldata"
					]
				}
			},
			"response": []
		},
		{
			"name": "updatedata",
			"request": {
				"method": "PUT",
				"header": [],
				"body": {
					"mode": "raw",
					"raw": "{\r\n    \"custId\": 2,\r\n    \"custName\": \"Small Borde\",\r\n    \"custNo\": 8600816985\r\n}",
					"options": {
						"raw": {
							"language": "json"
						}
					}
				},
				"url": {
					"raw": "http://localhost:8888/api/updatedata/5",
					"protocol": "http",
					"host": [
						"localhost"
					],
					"port": "8888",
					"path": [
						"api",
						"updatedata",
						"5"
					]
				}
			},
			"response": []
		},
		{
			"name": "deletedatabyid",
			"request": {
				"method": "DELETE",
				"header": [],
				"url": {
					"raw": "http://localhost:8888/api/deletedatabyid/1",
					"protocol": "http",
					"host": [
						"localhost"
					],
					"port": "8888",
					"path": [
						"api",
						"deletedatabyid",
						"1"
					]
				}
			},
			"response": []
		},
		{
			"name": "deleteall",
			"request": {
				"method": "DELETE",
				"header": [],
				"url": {
					"raw": "http://localhost:8888/api/deleteall",
					"protocol": "http",
					"host": [
						"localhost"
					],
					"port": "8888",
					"path": [
						"api",
						"deleteall"
					]
				}
			},
			"response": []
		}
	]
}