{
	"info": {
		"_postman_id": "91ef1f58-0270-420f-956e-9be5e1e49681",
		"name": "SpringBootJpaTeamPlayer",
		"schema": "https://schema.getpostman.com/json/collection/v2.1.0/collection.json"
	},
	"item": [
		{
			"name": "saveTeamData",
			"request": {
				"method": "POST",
				"header": [],
				"body": {
					"mode": "raw",
					"raw": "{\r\n    \"teamId\":1,\r\n    \"teamName\":\"CSK\",\r\n    \"teamBudget\":1000000,\r\n    \"teamDof\":\"2008-05-23\"\r\n}",
					"options": {
						"raw": {
							"language": "json"
						}
					}
				},
				"url": {
					"raw": "http://localhost:8889/api/saveTeamData",
					"protocol": "http",
					"host": [
						"localhost"
					],
					"port": "8889",
					"path": [
						"api",
						"saveTeamData"
					]
				}
			},
			"response": []
		},
		{
			"name": "getTeamDataById",
			"request": {
				"method": "GET",
				"header": [],
				"url": {
					"raw": "http://localhost:8889/api/getTeamDataById/1",
					"protocol": "http",
					"host": [
						"localhost"
					],
					"port": "8889",
					"path": [
						"api",
						"getTeamDataById",
						"1"
					]
				}
			},
			"response": []
		},
		{
			"name": "getAllTeamData",
			"request": {
				"method": "GET",
				"header": [],
				"url": {
					"raw": "http://localhost:8889/api/getAllTeamData/?pageNumber=0&pageSize=2&sortBy=teamId&sortDir=asc",
					"protocol": "http",
					"host": [
						"localhost"
					],
					"port": "8889",
					"path": [
						"api",
						"getAllTeamData",
						""
					],
					"query": [
						{
							"key": "pageNumber",
							"value": "0"
						},
						{
							"key": "pageSize",
							"value": "2"
						},
						{
							"key": "sortBy",
							"value": "teamId"
						},
						{
							"key": "sortDir",
							"value": "asc"
						}
					]
				}
			},
			"response": []
		},
		{
			"name": "getTeamDataByName",
			"request": {
				"method": "GET",
				"header": [],
				"url": {
					"raw": "http://localhost:8889/api/getTeamDataByName/CSK",
					"protocol": "http",
					"host": [
						"localhost"
					],
					"port": "8889",
					"path": [
						"api",
						"getTeamDataByName",
						"CSK"
					]
				}
			},
			"response": []
		},
		{
			"name": "updateTeamDataById",
			"request": {
				"method": "PUT",
				"header": [],
				"body": {
					"mode": "raw",
					"raw": "{\r\n    \"teamId\": 5,\r\n    \"teamName\": \"KKR\",\r\n    \"teamBudget\": 5000000,\r\n    \"teamDof\": \"2008-09-24T00:00:00.000+00:00\",\r\n    \"players\": []\r\n}\r\n",
					"options": {
						"raw": {
							"language": "json"
						}
					}
				},
				"url": {
					"raw": "http://localhost:8889/api/updateTeamDataById/5",
					"protocol": "http",
					"host": [
						"localhost"
					],
					"port": "8889",
					"path": [
						"api",
						"updateTeamDataById",
						"5"
					]
				}
			},
			"response": []
		},
		{
			"name": "deleteTeamDataById",
			"request": {
				"method": "DELETE",
				"header": [],
				"url": {
					"raw": "http://localhost:8889/api/deleteTeamDataById/5",
					"protocol": "http",
					"host": [
						"localhost"
					],
					"port": "8889",
					"path": [
						"api",
						"deleteTeamDataById",
						"5"
					]
				}
			},
			"response": []
		},
		{
			"name": "savePlayerData",
			"request": {
				"method": "POST",
				"header": [],
				"body": {
					"mode": "raw",
					"raw": "{\r\n    \"playerId\":1,\r\n    \"playerName\":\"Dhoni\",\r\n    \"playerBudget\":10000,\r\n    \"playerDob\":\"1988-08-07\"\r\n}",
					"options": {
						"raw": {
							"language": "json"
						}
					}
				},
				"url": {
					"raw": "http://localhost:8889/api/saveTeamData/1/savePlayerData",
					"protocol": "http",
					"host": [
						"localhost"
					],
					"port": "8889",
					"path": [
						"api",
						"saveTeamData",
						"1",
						"savePlayerData"
					]
				}
			},
			"response": []
		},
		{
			"name": "getPlayerDataById",
			"request": {
				"method": "GET",
				"header": [],
				"url": {
					"raw": "http://localhost:8889/api/getPlayerDataById/1",
					"protocol": "http",
					"host": [
						"localhost"
					],
					"port": "8889",
					"path": [
						"api",
						"getPlayerDataById",
						"1"
					]
				}
			},
			"response": []
		},
		{
			"name": "getAllPlayerData",
			"request": {
				"method": "GET",
				"header": [],
				"url": {
					"raw": "http://localhost:8889/api/getAllPlayerData/?pageNumber=0&pageSize=2&sortBy=playerId&sortDir=asc",
					"protocol": "http",
					"host": [
						"localhost"
					],
					"port": "8889",
					"path": [
						"api",
						"getAllPlayerData",
						""
					],
					"query": [
						{
							"key": "pageNumber",
							"value": "0"
						},
						{
							"key": "pageSize",
							"value": "2"
						},
						{
							"key": "sortBy",
							"value": "playerId"
						},
						{
							"key": "sortDir",
							"value": "asc"
						}
					]
				}
			},
			"response": []
		},
		{
			"name": "getPlayerDataByName",
			"request": {
				"method": "GET",
				"header": [],
				"url": {
					"raw": "http://localhost:8889/api/getPlayerDataByName/Dhoni",
					"protocol": "http",
					"host": [
						"localhost"
					],
					"port": "8889",
					"path": [
						"api",
						"getPlayerDataByName",
						"Dhoni"
					]
				}
			},
			"response": []
		},
		{
			"name": "updatePlayerDataById",
			"request": {
				"method": "PUT",
				"header": [],
				"body": {
					"mode": "raw",
					"raw": "{\r\n    \"playerId\":2,\r\n    \"playerName\":\"Jadeja\",\r\n    \"playerBudget\":20000,\r\n    \"playerDob\":\"1980-08-07\"\r\n}",
					"options": {
						"raw": {
							"language": "json"
						}
					}
				},
				"url": {
					"raw": "http://localhost:8889/api/updatePlayerDataById/2",
					"protocol": "http",
					"host": [
						"localhost"
					],
					"port": "8889",
					"path": [
						"api",
						"updatePlayerDataById",
						"2"
					]
				}
			},
			"response": []
		},
		{
			"name": "deletePlayerDataById",
			"request": {
				"method": "DELETE",
				"header": [],
				"url": {
					"raw": "http://localhost:8889/api/deletePlayerDataById/6",
					"protocol": "http",
					"host": [
						"localhost"
					],
					"port": "8889",
					"path": [
						"api",
						"deletePlayerDataById",
						"6"
					]
				}
			},
			"response": []
		}
	]
}