{
	"info": {
		"_postman_id": "cb49690e-6375-4e57-b1ec-88b86610dfaa",
		"name": "SpringBootJpaCRUD",
		"schema": "https://schema.getpostman.com/json/collection/v2.1.0/collection.json"
	},
	"item": [
		{
			"name": "saveData",
			"request": {
				"method": "POST",
				"header": [],
				"body": {
					"mode": "raw",
					"raw": "{\r\n    \"empId\":1,\r\n    \"empName\":\"Sachin Borde\",\r\n    \"empSalary\":10000,\r\n    \"empJoinDate\":\"2022-06-26\"\r\n}",
					"options": {
						"raw": {
							"language": "json"
						}
					}
				},
				"url": {
					"raw": "http://localhost:8889/api/saveData",
					"protocol": "http",
					"host": [
						"localhost"
					],
					"port": "8889",
					"path": [
						"api",
						"saveData"
					]
				}
			},
			"response": []
		},
		{
			"name": "saveAllData",
			"request": {
				"method": "POST",
				"header": [],
				"body": {
					"mode": "raw",
					"raw": "[\r\n    {\r\n        \"empId\":2,\r\n        \"empName\":\"Arati Borde\",\r\n        \"empSalary\":20000,\r\n        \"empJoinDate\":\"2023-06-26\"\r\n    },\r\n    {\r\n        \"empId\":3,\r\n        \"empName\":\"Somnath Borde\",\r\n        \"empSalary\":30000,\r\n        \"empJoinDate\":\"2024-06-26\"\r\n    },\r\n    {\r\n        \"empId\":4,\r\n        \"empName\":\"Sheetal Borde\",\r\n        \"empSalary\":40000,\r\n        \"empJoinDate\":\"2025-06-26\"\r\n    }\r\n]",
					"options": {
						"raw": {
							"language": "json"
						}
					}
				},
				"url": {
					"raw": "http://localhost:8889/api/saveAllData",
					"protocol": "http",
					"host": [
						"localhost"
					],
					"port": "8889",
					"path": [
						"api",
						"saveAllData"
					]
				}
			},
			"response": []
		},
		{
			"name": "getDataById",
			"request": {
				"method": "GET",
				"header": [],
				"url": {
					"raw": "http://localhost:8889/api/getDataById/1",
					"protocol": "http",
					"host": [
						"localhost"
					],
					"port": "8889",
					"path": [
						"api",
						"getDataById",
						"1"
					]
				}
			},
			"response": []
		},
		{
			"name": "getAllData",
			"request": {
				"method": "GET",
				"header": [],
				"url": {
					"raw": "http://localhost:8889/api/getAllData",
					"protocol": "http",
					"host": [
						"localhost"
					],
					"port": "8889",
					"path": [
						"api",
						"getAllData"
					]
				}
			},
			"response": []
		},
		{
			"name": "updateData",
			"request": {
				"method": "PUT",
				"header": [],
				"body": {
					"mode": "raw",
					"raw": "{\r\n    \"empId\": 1,\r\n    \"empName\": \"Akshay Dashrathe\",\r\n    \"empSalary\": 90000,\r\n    \"empJoinDate\": \"2030-10-08\"\r\n}",
					"options": {
						"raw": {
							"language": "json"
						}
					}
				},
				"url": {
					"raw": "http://localhost:8889/api/updateData/1",
					"protocol": "http",
					"host": [
						"localhost"
					],
					"port": "8889",
					"path": [
						"api",
						"updateData",
						"1"
					]
				}
			},
			"response": []
		},
		{
			"name": "deleteDataById",
			"request": {
				"method": "DELETE",
				"header": [],
				"url": {
					"raw": "http://localhost:8889/api/deleteDataById/4",
					"protocol": "http",
					"host": [
						"localhost"
					],
					"port": "8889",
					"path": [
						"api",
						"deleteDataById",
						"4"
					]
				}
			},
			"response": []
		},
		{
			"name": "deleteAllData",
			"request": {
				"method": "DELETE",
				"header": [],
				"url": {
					"raw": "http://localhost:8889/api/deleteAllData",
					"protocol": "http",
					"host": [
						"localhost"
					],
					"port": "8889",
					"path": [
						"api",
						"deleteAllData"
					]
				}
			},
			"response": []
		}
	]
}