{
    "teamId":1,
    "teamName":"CSK",
    "teamBudget":1000000,
    "teamDof":"2008-05-23"
}
{
    "teamId":2,
    "teamName":"MI",
    "teamBudget":2000000,
    "teamDof":"2008-06-24"
}
{
    "teamId":3,
    "teamName":"RCB",
    "teamBudget":3000000,
    "teamDof":"2008-07-24"
}
{
    "teamId":4,
    "teamName":"KXIP",
    "teamBudget":4000000,
    "teamDof":"2008-08-24"
}
{
    "teamId":5,
    "teamName":"DC",
    "teamBudget":5000000,
    "teamDof":"2008-09-24"
}


{
    "playerId":1,
    "playerName":"Dhoni",
    "playerBudget":10000,
    "playerDob":"1988-08-07"
}
{
    "playerId":2,
    "playerName":"Jadeja",
    "playerBudget":20000,
    "playerDob":"1980-08-07"
}
{
    "playerId":3,
    "playerName":"Hardik",
    "playerBudget":40000,
    "playerDob":"1999-08-07"
}
{
    "playerId":4,
    "playerName":"Bumrah",
    "playerBudget":50000,
    "playerDob":"1999-08-07"
}
{
    "playerId":5,
    "playerName":"Virat",
    "playerBudget":60000,
    "playerDob":"1999-08-07"
}
{
    "playerId":6,
    "playerName":"Umesh",
    "playerBudget":60000,
    "playerDob":"1999-08-07"
}